Workbook
Name ViewMode: Settings!$B$2

Sheet Index
A1: Onchain Fund Flow Tracing Workbook
A2: Case / Matter:
A3: Analyst:
A4: Reviewer:
A5: Version: | B5: v1.0
A6: Navigation
A7: Trace (Working) | B7: Go to Trace_Working
A8: Trace (Exhibit) | B8: Go to Trace_Exhibit
A9: Asset Directory | B9: Go to AssetDirectory
A10: Chain Registry | B10: Go to ChainRegistry
A11: Settings | B11: Go to Settings
A12: QA / Change Log | B12: Go to QA_ChangeLog
A13: Guidance (QAT + Formatting) | B13: Go to Guidance

Sheet Guidance
A1: Guidance: Layout, Printing, QAT, and Copying Formula Results
A2: QAT suggested buttons (top 10): Paste Values, Center Across Selection, Format Painter, Borders, Fill Color, Font Color, Conditional Formatting, Sort A→Z, Filter, Freeze Panes.
A3: Copy formula results (no VBA): Copy (Ctrl+C) then Paste Values (Ctrl+Alt+V, V, Enter) or add Paste Values to QAT and use Alt+1.
A4: Decimal framework: keep AmountRaw numeric; use AmountDisplay columns (TEXT) driven by AssetDirectory DisplayDecimals; fiat values rounded to 2dp.
A5: Printing: default A3 landscape, fit to 1 page wide; repeat title rows; use Exhibit sheet for juror-friendly output.
A6: Back to Index

Sheet ChainRegistry
A1: Chain Registry
A6: Back to Index | B6: ChainName | C6: ChainType | D6: NativeSymbol | E6: NativeDecimals
A7: ETH | B7: Ethereum | C7: Account | D7: ETH | E7: 18
A8: BTC | B8: Bitcoin | C8: UTXO | D8: BTC | E8: 8
A9: TRX | B9: Tron | C9: Account | D9: TRX | E9: 6
A10: SOL | B10: Solana | C10: Account | D10: SOL | E10: 9
A11: BSC | B11: Binance Smart Chain | C11: Account | D11: BNB | E11: 18

Sheet AssetDirectory
A1: Asset Directory (drives decimals + display formatting)
A6: Back to Index | B6: Symbol | C6: Name | D6: ChainKey | E6: AssetType | F6: TokenStandard | G6: ContractAddress | H6: DecimalsRaw | I6: DecimalsDisplayAnalyst | J6: DecimalsDisplayExhibit | K6: IsStablecoin | L6: Active
A7: ETH:ETH | B7: ETH | C7: Ethereum | D7: ETH | E7: Native | F7: Native | H7: 18 | I7: 8 | J7: 6 | K7: FALSE | L7: TRUE
A8: BTC:BTC | B8: BTC | C8: Bitcoin | D8: BTC | E8: Native | F8: UTXO | H8: 8 | I8: 6 | J8: 4 | K8: FALSE | L8: TRUE
A9: TRX:TRX | B9: TRX | C9: Tron | D9: TRX | E9: Native | F9: Native | H9: 6 | I9: 4 | J9: 2 | K9: FALSE | L9: TRUE
A10: SOL:SOL | B10: SOL | C10: Solana | D10: SOL | E10: Native | F10: Native | H10: 9 | I10: 6 | J10: 4 | K10: FALSE | L10: TRUE
A11: BSC:BNB | B11: BNB | C11: Binance Coin | D11: BSC | E11: Native | F11: Native | H11: 18 | I11: 8 | J11: 6 | K11: FALSE | L11: TRUE
A12: ETH:USDT | B12: USDT | C12: Tether USD | D12: ETH | E12: Token | F12: ERC20 | G12: 0xdAC17F958D2ee523a2206206994597C13D831ec7 | H12: 6 | I12: 4 | J12: 2 | K12: TRUE | L12: TRUE
A13: BSC:USDT | B13: USDT | C13: Tether USD | D13: BSC | E13: Token | F13: BEP20 | G13: 0x55d398326f99059fF775485246999027B3197955 | H13: 6 | I13: 4 | J13: 2 | K13: TRUE | L13: TRUE
A14: TRX:USDT | B14: USDT | C14: Tether USD | D14: TRX | E14: Token | F14: TRC20 | G14: TXLAQ63Xg1NAzckPwKHvzw7CSEmLMEqcdj | H14: 6 | I14: 4 | J14: 2 | K14: TRUE | L14: TRUE
A15: ETH:USDC | B15: USDC | C15: USD Coin | D15: ETH | E15: Token | F15: ERC20 | G15: 0xA0b86991c6218b36c1d19D4a2e9Eb0cE3606eB48 | H15: 6 | I15: 4 | J15: 2 | K15: TRUE | L15: TRUE

Sheet Settings
A1: Settings
A2: ViewMode (drives unified display columns): | B2: Analyst
A3: Default print paper: | B3: A3 Landscape
A4: Notes: | B4: Set ViewMode to Exhibit before printing Trace_Exhibit.
A6: Back to Index

Sheet QA_ChangeLog
A1: QA / Change Log
A6: Back to Index | B6: Analyst | C6: Change Summary | D6: Reviewer | E6: Status

Sheet Trace_Working
A1: Trace Sheet (Working) – full detail, formulas, and helper columns
A2: Case: | B2: (enter case name) | D2: Analyst: | E2: (name) | G2: ViewMode: | H2: =ViewMode -> Analyst | N2: Back to Index
A7: HopID | B7: PathID | C7: Timestamp | D7: ChainKey | E7: Block | F7: TxHash | G7: FromAddress | H7: ToAddress | I7: AssetKey | J7: AmountRaw | K7: DecAnalyst | L7: DecExhibit | M7: AmountDisplay | N7: USD_Rate | O7: USD_Value
K8: =IF($I8="","",INDEX(AssetDirectory[DecimalsDisplayAnalyst],MATCH($I8,#REF!,0))) | L8: =IF($I8="","",INDEX(AssetDirectory[DecimalsDisplayExhibit],MATCH($I8,#REF!,0))) | M8: =IF(OR($J8="",ViewMode=""),"",TEXT($J8,"#,##0."&REPT("0",IF(ViewMode="Exhibit",$L8,$K8)))) | O8: =IF(OR($J8="",$N8=""),"",ROUND($J8*$N8,2))
K9: =IF($I9="","",INDEX(AssetDirectory[DecimalsDisplayAnalyst],MATCH($I9,#REF!,0))) | L9: =IF($I9="","",INDEX(AssetDirectory[DecimalsDisplayExhibit],MATCH($I9,#REF!,0))) | M9: =IF(OR($J9="",ViewMode=""),"",TEXT($J9,"#,##0."&REPT("0",IF(ViewMode="Exhibit",$L9,$K9)))) | O9: =IF(OR($J9="",$N9=""),"",ROUND($J9*$N9,2))
K10: =IF($I10="","",INDEX(AssetDirectory[DecimalsDisplayAnalyst],MATCH($I10,#REF!,0))) | L10: =IF($I10="","",INDEX(AssetDirectory[DecimalsDisplayExhibit],MATCH($I10,#REF!,0))) | M10: =IF(OR($J10="",ViewMode=""),"",TEXT($J10,"#,##0."&REPT("0",IF(ViewMode="Exhibit",$L10,$K10)))) | O10: =IF(OR($J10="",$N10=""),"",ROUND($J10*$N10,2))
K11: =IF($I11="","",INDEX(AssetDirectory[DecimalsDisplayAnalyst],MATCH($I11,#REF!,0))) | L11: =IF($I11="","",INDEX(AssetDirectory[DecimalsDisplayExhibit],MATCH($I11,#REF!,0))) | M11: =IF(OR($J11="",ViewMode=""),"",TEXT($J11,"#,##0."&REPT("0",IF(ViewMode="Exhibit",$L11,$K11)))) | O11: =IF(OR($J11="",$N11=""),"",ROUND($J11*$N11,2))
K12: =IF($I12="","",INDEX(AssetDirectory[DecimalsDisplayAnalyst],MATCH($I12,#REF!,0))) | L12: =IF($I12="","",INDEX(AssetDirectory[DecimalsDisplayExhibit],MATCH($I12,#REF!,0))) | M12: =IF(OR($J12="",ViewMode=""),"",TEXT($J12,"#,##0."&REPT("0",IF(ViewMode="Exhibit",$L12,$K12)))) | O12: =IF(OR($J12="",$N12=""),"",ROUND($J12*$N12,2))
K13: =IF($I13="","",INDEX(AssetDirectory[DecimalsDisplayAnalyst],MATCH($I13,#REF!,0))) | L13: =IF($I13="","",INDEX(AssetDirectory[DecimalsDisplayExhibit],MATCH($I13,#REF!,0))) | M13: =IF(OR($J13="",ViewMode=""),"",TEXT($J13,"#,##0."&REPT("0",IF(ViewMode="Exhibit",$L13,$K13)))) | O13: =IF(OR($J13="",$N13=""),"",ROUND($J13*$N13,2))
K14: =IF($I14="","",INDEX(AssetDirectory[DecimalsDisplayAnalyst],MATCH($I14,#REF!,0))) | L14: =IF($I14="","",INDEX(AssetDirectory[DecimalsDisplayExhibit],MATCH($I14,#REF!,0))) | M14: =IF(OR($J14="",ViewMode=""),"",TEXT($J14,"#,##0."&REPT("0",IF(ViewMode="Exhibit",$L14,$K14)))) | O14: =IF(OR($J14="",$N14=""),"",ROUND($J14*$N14,2))
K15: =IF($I15="","",INDEX(AssetDirectory[DecimalsDisplayAnalyst],MATCH($I15,#REF!,0))) | L15: =IF($I15="","",INDEX(AssetDirectory[DecimalsDisplayExhibit],MATCH($I15,#REF!,0))) | M15: =IF(OR($J15="",ViewMode=""),"",TEXT($J15,"#,##0."&REPT("0",IF(ViewMode="Exhibit",$L15,$K15)))) | O15: =IF(OR($J15="",$N15=""),"",ROUND($J15*$N15,2))
K16: =IF($I16="","",INDEX(AssetDirectory[DecimalsDisplayAnalyst],MATCH($I16,#REF!,0))) | L16: =IF($I16="","",INDEX(AssetDirectory[DecimalsDisplayExhibit],MATCH($I16,#REF!,0))) | M16: =IF(OR($J16="",ViewMode=""),"",TEXT($J16,"#,##0."&REPT("0",IF(ViewMode="Exhibit",$L16,$K16)))) | O16: =IF(OR($J16="",$N16=""),"",ROUND($J16*$N16,2))
K17: =IF($I17="","",INDEX(AssetDirectory[DecimalsDisplayAnalyst],MATCH($I17,#REF!,0))) | L17: =IF($I17="","",INDEX(AssetDirectory[DecimalsDisplayExhibit],MATCH($I17,#REF!,0))) | M17: =IF(OR($J17="",ViewMode=""),"",TEXT($J17,"#,##0."&REPT("0",IF(ViewMode="Exhibit",$L17,$K17)))) | O17: =IF(OR($J17="",$N17=""),"",ROUND($J17*$N17,2))
K18: =IF($I18="","",INDEX(AssetDirectory[DecimalsDisplayAnalyst],MATCH($I18,#REF!,0))) | L18: =IF($I18="","",INDEX(AssetDirectory[DecimalsDisplayExhibit],MATCH($I18,#REF!,0))) | M18: =IF(OR($J18="",ViewMode=""),"",TEXT($J18,"#,##0."&REPT("0",IF(ViewMode="Exhibit",$L18,$K18)))) | O18: =IF(OR($J18="",$N18=""),"",ROUND($J18*$N18,2))
K19: =IF($I19="","",INDEX(AssetDirectory[DecimalsDisplayAnalyst],MATCH($I19,#REF!,0))) | L19: =IF($I19="","",INDEX(AssetDirectory[DecimalsDisplayExhibit],MATCH($I19,#REF!,0))) | M19: =IF(OR($J19="",ViewMode=""),"",TEXT($J19,"#,##0."&REPT("0",IF(ViewMode="Exhibit",$L19,$K19)))) | O19: =IF(OR($J19="",$N19=""),"",ROUND($J19*$N19,2))
... K57: =IF($I57="","",INDEX(AssetDirectory[DecimalsDisplayAnalyst],MATCH($I57,#REF!,0))) | L57: =IF($I57="","",INDEX(AssetDirectory[DecimalsDisplayExhibit],MATCH($I57,#REF!,0))) | M57: =IF(OR($J57="",ViewMode=""),"",TEXT($J57,"#,##0."&REPT("0",IF(ViewMode="Exhibit",$L57,$K57)))) | O57: =IF(OR($J57="",$N57=""),"",ROUND($J57*$N57,2))

Sheet Trace_Exhibit
A1: Trace Sheet (Exhibit) – juror-friendly view (copy/print)
A2: Tip: set Settings!ViewMode = Exhibit before printing. | J2: Back to Index
A7: HopID | B7: Timestamp | C7: ChainKey | D7: TxHash_Short | E7: From_Short | F7: To_Short | G7: AssetKey | H7: AmountDisplay | I7: USD_Value | J7: Notes | K7: ExplorerURL_Copy
A8: =Trace_Working!A8 -> 0 | B8: =Trace_Working!C8 -> 0 | C8: =Trace_Working!D8 -> 0 | D8: =IF(Trace_Working!F8="","",LEFT(Trace_Working!F8,10)&"…" &RIGHT(Trace_Working!F8,8)) | E8: =IF(Trace_Working!G8="","",LEFT(Trace_Working!G8,10)&"…" &RIGHT(Trace_Working!G8,8)) | F8: =IF(Trace_Working!H8="","",LEFT(Trace_Working!H8,10)&"…" &RIGHT(Trace_Working!H8,8)) | G8: =Trace_Working!I8 -> 0 | H8: =Trace_Working!M8 | I8: =Trace_Working!O8 | K8: =IF(Trace_Working!F8="","",IF(Trace_Working!D8="ETH","https://etherscan.io/tx/"&Trace_Working!F8,IF(Trace_Working!D8="BSC","https://bscscan.com/tx/"&Trace_Working!F8,IF(Trace_Working!D8="BTC","https://mempool.space/tx/"&Trace_Working!F8,IF(Trace_Working!D8="TRX","https://tronscan.org/#/transaction/"&Trace_Working!F8,IF(Trace_Working!D8="SOL","https://solscan.io/tx/"&Trace_Working!F8,""))))))
A9: =Trace_Working!A9 -> 0 | B9: =Trace_Working!C9 -> 0 | C9: =Trace_Working!D9 -> 0 | D9: =IF(Trace_Working!F9="","",LEFT(Trace_Working!F9,10)&"…" &RIGHT(Trace_Working!F9,8)) | E9: =IF(Trace_Working!G9="","",LEFT(Trace_Working!G9,10)&"…" &RIGHT(Trace_Working!G9,8)) | F9: =IF(Trace_Working!H9="","",LEFT(Trace_Working!H9,10)&"…" &RIGHT(Trace_Working!H9,8)) | G9: =Trace_Working!I9 -> 0 | H9: =Trace_Working!M9 | I9: =Trace_Working!O9 | K9: =IF(Trace_Working!F9="","",IF(Trace_Working!D9="ETH","https://etherscan.io/tx/"&Trace_Working!F9,IF(Trace_Working!D9="BSC","https://bscscan.com/tx/"&Trace_Working!F9,IF(Trace_Working!D9="BTC","https://mempool.space/tx/"&Trace_Working!F9,IF(Trace_Working!D9="TRX","https://tronscan.org/#/transaction/"&Trace_Working!F9,IF(Trace_Working!D9="SOL","https://solscan.io/tx/"&Trace_Working!F9,""))))))
A10: =Trace_Working!A10 -> 0 | B10: =Trace_Working!C10 -> 0 | C10: =Trace_Working!D10 -> 0 | D10: =IF(Trace_Working!F10="","",LEFT(Trace_Working!F10,10)&"…" &RIGHT(Trace_Working!F10,8)) | E10: =IF(Trace_Working!G10="","",LEFT(Trace_Working!G10,10)&"…" &RIGHT(Trace_Working!G10,8)) | F10: =IF(Trace_Working!H10="","",LEFT(Trace_Working!H10,10)&"…" &RIGHT(Trace_Working!H10,8)) | G10: =Trace_Working!I10 -> 0 | H10: =Trace_Working!M10 | I10: =Trace_Working!O10 | K10: =IF(Trace_Working!F10="","",IF(Trace_Working!D10="ETH","https://etherscan.io/tx/"&Trace_Working!F10,IF(Trace_Working!D10="BSC","https://bscscan.com/tx/"&Trace_Working!F10,IF(Trace_Working!D10="BTC","https://mempool.space/tx/"&Trace_Working!F10,IF(Trace_Working!D10="TRX","https://tronscan.org/#/transaction/"&Trace_Working!F10,IF(Trace_Working!D10="SOL","https://solscan.io/tx/"&Trace_Working!F10,""))))))
A11: =Trace_Working!A11 -> 0 | B11: =Trace_Working!C11 -> 0 | C11: =Trace_Working!D11 -> 0 | D11: =IF(Trace_Working!F11="","",LEFT(Trace_Working!F11,10)&"…" &RIGHT(Trace_Working!F11,8)) | E11: =IF(Trace_Working!G11="","",LEFT(Trace_Working!G11,10)&"…" &RIGHT(Trace_Working!G11,8)) | F11: =IF(Trace_Working!H11="","",LEFT(Trace_Working!H11,10)&"…" &RIGHT(Trace_Working!H11,8)) | G11: =Trace_Working!I11 -> 0 | H11: =Trace_Working!M11 | I11: =Trace_Working!O11 | K11: =IF(Trace_Working!F11="","",IF(Trace_Working!D11="ETH","https://etherscan.io/tx/"&Trace_Working!F11,IF(Trace_Working!D11="BSC","https://bscscan.com/tx/"&Trace_Working!F11,IF(Trace_Working!D11="BTC","https://mempool.space/tx/"&Trace_Working!F11,IF(Trace_Working!D11="TRX","https://tronscan.org/#/transaction/"&Trace_Working!F11,IF(Trace_Working!D11="SOL","https://solscan.io/tx/"&Trace_Working!F11,""))))))
A12: =Trace_Working!A12 -> 0 | B12: =Trace_Working!C12 -> 0 | C12: =Trace_Working!D12 -> 0 | D12: =IF(Trace_Working!F12="","",LEFT(Trace_Working!F12,10)&"…" &RIGHT(Trace_Working!F12,8)) | E12: =IF(Trace_Working!G12="","",LEFT(Trace_Working!G12,10)&"…" &RIGHT(Trace_Working!G12,8)) | F12: =IF(Trace_Working!H12="","",LEFT(Trace_Working!H12,10)&"…" &RIGHT(Trace_Working!H12,8)) | G12: =Trace_Working!I12 -> 0 | H12: =Trace_Working!M12 | I12: =Trace_Working!O12 | K12: =IF(Trace_Working!F12="","",IF(Trace_Working!D12="ETH","https://etherscan.io/tx/"&Trace_Working!F12,IF(Trace_Working!D12="BSC","https://bscscan.com/tx/"&Trace_Working!F12,IF(Trace_Working!D12="BTC","https://mempool.space/tx/"&Trace_Working!F12,IF(Trace_Working!D12="TRX","https://tronscan.org/#/transaction/"&Trace_Working!F12,IF(Trace_Working!D12="SOL","https://solscan.io/tx/"&Trace_Working!F12,""))))))
A13: =Trace_Working!A13 -> 0 | B13: =Trace_Working!C13 -> 0 | C13: =Trace_Working!D13 -> 0 | D13: =IF(Trace_Working!F13="","",LEFT(Trace_Working!F13,10)&"…" &RIGHT(Trace_Working!F13,8)) | E13: =IF(Trace_Working!G13="","",LEFT(Trace_Working!G13,10)&"…" &RIGHT(Trace_Working!G13,8)) | F13: =IF(Trace_Working!H13="","",LEFT(Trace_Working!H13,10)&"…" &RIGHT(Trace_Working!H13,8)) | G13: =Trace_Working!I13 -> 0 | H13: =Trace_Working!M13 | I13: =Trace_Working!O13 | K13: =IF(Trace_Working!F13="","",IF(Trace_Working!D13="ETH","https://etherscan.io/tx/"&Trace_Working!F13,IF(Trace_Working!D13="BSC","https://bscscan.com/tx/"&Trace_Working!F13,IF(Trace_Working!D13="BTC","https://mempool.space/tx/"&Trace_Working!F13,IF(Trace_Working!D13="TRX","https://tronscan.org/#/transaction/"&Trace_Working!F13,IF(Trace_Working!D13="SOL","https://solscan.io/tx/"&Trace_Working!F13,""))))))
A14: =Trace_Working!A14 -> 0 | B14: =Trace_Working!C14 -> 0 | C14: =Trace_Working!D14 -> 0 | D14: =IF(Trace_Working!F14="","",LEFT(Trace_Working!F14,10)&"…" &RIGHT(Trace_Working!F14,8)) | E14: =IF(Trace_Working!G14="","",LEFT(Trace_Working!G14,10)&"…" &RIGHT(Trace_Working!G14,8)) | F14: =IF(Trace_Working!H14="","",LEFT(Trace_Working!H14,10)&"…" &RIGHT(Trace_Working!H14,8)) | G14: =Trace_Working!I14 -> 0 | H14: =Trace_Working!M14 | I14: =Trace_Working!O14 | K14: =IF(Trace_Working!F14="","",IF(Trace_Working!D14="ETH","https://etherscan.io/tx/"&Trace_Working!F14,IF(Trace_Working!D14="BSC","https://bscscan.com/tx/"&Trace_Working!F14,IF(Trace_Working!D14="BTC","https://mempool.space/tx/"&Trace_Working!F14,IF(Trace_Working!D14="TRX","https://tronscan.org/#/transaction/"&Trace_Working!F14,IF(Trace_Working!D14="SOL","https://solscan.io/tx/"&Trace_Working!F14,""))))))
A15: =Trace_Working!A15 -> 0 | B15: =Trace_Working!C15 -> 0 | C15: =Trace_Working!D15 -> 0 | D15: =IF(Trace_Working!F15="","",LEFT(Trace_Working!F15,10)&"…" &RIGHT(Trace_Working!F15,8)) | E15: =IF(Trace_Working!G15="","",LEFT(Trace_Working!G15,10)&"…" &RIGHT(Trace_Working!G15,8)) | F15: =IF(Trace_Working!H15="","",LEFT(Trace_Working!H15,10)&"…" &RIGHT(Trace_Working!H15,8)) | G15: =Trace_Working!I15 -> 0 | H15: =Trace_Working!M15 | I15: =Trace_Working!O15 | K15: =IF(Trace_Working!F15="","",IF(Trace_Working!D15="ETH","https://etherscan.io/tx/"&Trace_Working!F15,IF(Trace_Working!D15="BSC","https://bscscan.com/tx/"&Trace_Working!F15,IF(Trace_Working!D15="BTC","https://mempool.space/tx/"&Trace_Working!F15,IF(Trace_Working!D15="TRX","https://tronscan.org/#/transaction/"&Trace_Working!F15,IF(Trace_Working!D15="SOL","https://solscan.io/tx/"&Trace_Working!F15,""))))))
A16: =Trace_Working!A16 -> 0 | B16: =Trace_Working!C16 -> 0 | C16: =Trace_Working!D16 -> 0 | D16: =IF(Trace_Working!F16="","",LEFT(Trace_Working!F16,10)&"…" &RIGHT(Trace_Working!F16,8)) | E16: =IF(Trace_Working!G16="","",LEFT(Trace_Working!G16,10)&"…" &RIGHT(Trace_Working!G16,8)) | F16: =IF(Trace_Working!H16="","",LEFT(Trace_Working!H16,10)&"…" &RIGHT(Trace_Working!H16,8)) | G16: =Trace_Working!I16 -> 0 | H16: =Trace_Working!M16 | I16: =Trace_Working!O16 | K16: =IF(Trace_Working!F16="","",IF(Trace_Working!D16="ETH","https://etherscan.io/tx/"&Trace_Working!F16,IF(Trace_Working!D16="BSC","https://bscscan.com/tx/"&Trace_Working!F16,IF(Trace_Working!D16="BTC","https://mempool.space/tx/"&Trace_Working!F16,IF(Trace_Working!D16="TRX","https://tronscan.org/#/transaction/"&Trace_Working!F16,IF(Trace_Working!D16="SOL","https://solscan.io/tx/"&Trace_Working!F16,""))))))
A17: =Trace_Working!A17 -> 0 | B17: =Trace_Working!C17 -> 0 | C17: =Trace_Working!D17 -> 0 | D17: =IF(Trace_Working!F17="","",LEFT(Trace_Working!F17,10)&"…" &RIGHT(Trace_Working!F17,8)) | E17: =IF(Trace_Working!G17="","",LEFT(Trace_Working!G17,10)&"…" &RIGHT(Trace_Working!G17,8)) | F17: =IF(Trace_Working!H17="","",LEFT(Trace_Working!H17,10)&"…" &RIGHT(Trace_Working!H17,8)) | G17: =Trace_Working!I17 -> 0 | H17: =Trace_Working!M17 | I17: =Trace_Working!O17 | K17: =IF(Trace_Working!F17="","",IF(Trace_Working!D17="ETH","https://etherscan.io/tx/"&Trace_Working!F17,IF(Trace_Working!D17="BSC","https://bscscan.com/tx/"&Trace_Working!F17,IF(Trace_Working!D17="BTC","https://mempool.space/tx/"&Trace_Working!F17,IF(Trace_Working!D17="TRX","https://tronscan.org/#/transaction/"&Trace_Working!F17,IF(Trace_Working!D17="SOL","https://solscan.io/tx/"&Trace_Working!F17,""))))))
A18: =Trace_Working!A18 -> 0 | B18: =Trace_Working!C18 -> 0 | C18: =Trace_Working!D18 -> 0 | D18: =IF(Trace_Working!F18="","",LEFT(Trace_Working!F18,10)&"…" &RIGHT(Trace_Working!F18,8)) | E18: =IF(Trace_Working!G18="","",LEFT(Trace_Working!G18,10)&"…" &RIGHT(Trace_Working!G18,8)) | F18: =IF(Trace_Working!H18="","",LEFT(Trace_Working!H18,10)&"…" &RIGHT(Trace_Working!H18,8)) | G18: =Trace_Working!I18 -> 0 | H18: =Trace_Working!M18 | I18: =Trace_Working!O18 | K18: =IF(Trace_Working!F18="","",IF(Trace_Working!D18="ETH","https://etherscan.io/tx/"&Trace_Working!F18,IF(Trace_Working!D18="BSC","https://bscscan.com/tx/"&Trace_Working!F18,IF(Trace_Working!D18="BTC","https://mempool.space/tx/"&Trace_Working!F18,IF(Trace_Working!D18="TRX","https://tronscan.org/#/transaction/"&Trace_Working!F18,IF(Trace_Working!D18="SOL","https://solscan.io/tx/"&Trace_Working!F18,""))))))
A19: =Trace_Working!A19 -> 0 | B19: =Trace_Working!C19 -> 0 | C19: =Trace_Working!D19 -> 0 | D19: =IF(Trace_Working!F19="","",LEFT(Trace_Working!F19,10)&"…" &RIGHT(Trace_Working!F19,8)) | E19: =IF(Trace_Working!G19="","",LEFT(Trace_Working!G19,10)&"…" &RIGHT(Trace_Working!G19,8)) | F19: =IF(Trace_Working!H19="","",LEFT(Trace_Working!H19,10)&"…" &RIGHT(Trace_Working!H19,8)) | G19: =Trace_Working!I19 -> 0 | H19: =Trace_Working!M19 | I19: =Trace_Working!O19 | K19: =IF(Trace_Working!F19="","",IF(Trace_Working!D19="ETH","https://etherscan.io/tx/"&Trace_Working!F19,IF(Trace_Working!D19="BSC","https://bscscan.com/tx/"&Trace_Working!F19,IF(Trace_Working!D19="BTC","https://mempool.space/tx/"&Trace_Working!F19,IF(Trace_Working!D19="TRX","https://tronscan.org/#/transaction/"&Trace_Working!F19,IF(Trace_Working!D19="SOL","https://solscan.io/tx/"&Trace_Working!F19,""))))))
... A57: =Trace_Working!A57 -> 0 | B57: =Trace_Working!C57 -> 0 | C57: =Trace_Working!D57 -> 0 | D57: =IF(Trace_Working!F57="","",LEFT(Trace_Working!F57,10)&"…" &RIGHT(Trace_Working!F57,8)) | E57: =IF(Trace_Working!G57="","",LEFT(Trace_Working!G57,10)&"…" &RIGHT(Trace_Working!G57,8)) | F57: =IF(Trace_Working!H57="","",LEFT(Trace_Working!H57,10)&"…" &RIGHT(Trace_Working!H57,8)) | G57: =Trace_Working!I57 -> 0 | H57: =Trace_Working!M57 | I57: =Trace_Working!O57 | K57: =IF(Trace_Working!F57="","",IF(Trace_Working!D57="ETH","https://etherscan.io/tx/"&Trace_Working!F57,IF(Trace_Working!D57="BSC","https://bscscan.com/tx/"&Trace_Working!F57,IF(Trace_Working!D57="BTC","https://mempool.space/tx/"&Trace_Working!F57,IF(Trace_Working!D57="TRX","https://tronscan.org/#/transaction/"&Trace_Working!F57,IF(Trace_Working!D57="SOL","https://solscan.io/tx/"&Trace_Working!F57,""))))))
